Source URL, Heading Text
http://netflix.com, "Unlimited movies, TV shows, and more"
http://netflix.com, Ready to watch? Enter your email to create or restart your membership.
http://netflix.com, Trending Now
http://netflix.com, More Reasons to Join
http://netflix.com, Enjoy on your TV
http://netflix.com, Download your shows to watch offline
http://netflix.com, Watch everywhere
http://netflix.com, Create profiles for kids
http://netflix.com, Frequently Asked Questions
http://netflix.com, Ready to watch? Enter your email to create or restart your membership.
